{"cameraMode":{"drawMode":0,"name":"Shaded","section":"Shading Mode"},"sceneLighting":true,"audioPlay":false,"sceneViewState":{"m_AlwaysRefresh":false,"showFog":true,"showSkybox":true,"showFlares":true,"showImageEffects":true,"showParticleSystems":true,"showVisualEffectGraphs":true,"m_FxEnabled":true},"in2DMode":false,"pivot":{"x":0.25281310081481936,"y":1.158074140548706,"z":-2.0853688716888429},"rotation":{"x":0.00012891617370769382,"y":0.9022764563560486,"z":-0.00028135834145359695,"w":0.43118762969970705},"size":1.8791096210479737,"orthographic":false}